x,f(x)
-10.0, 5.658911846252853
-9.99, 6.179640195656377
-9.98, 6.753913404771439
-9.97, 7.388095285163316
-9.96, 8.089428671409213
-9.950000000000001, 8.866175400725735
-9.940000000000001, 9.727781723511562
-9.930000000000001, 10.685074365050648
-9.920000000000002, 11.75049365924124
-9.910000000000002, 12.938371683022707
-9.900000000000002, 14.26526522205857
-9.890000000000002, 15.750355808149958
-9.880000000000003, 17.4159321369834
-9.870000000000003, 19.287974100258833
-9.860000000000003, 21.396862714421022
-9.850000000000003, 23.778246755156584
-9.840000000000003, 26.47410539306086
-9.830000000000004, 29.534057224322922
-9.820000000000004, 33.01698069411702
-9.810000000000004, 36.99303025035582
-9.800000000000004, 41.54615835020769
-9.790000000000004, 46.77728806228918
-9.780000000000005, 52.808327837354106
-9.770000000000005, 59.787283861429735
-9.760000000000005, 67.89481315533114
-9.750000000000005, 77.35268224777172
-9.740000000000006, 88.43476648540965
-9.730000000000006, 101.48146556589714
-9.720000000000006, 116.91875422139809
-9.710000000000006, 135.28358247526194
-9.700000000000006, 157.25806333015788
-9.690000000000007, 183.71595515132398
-9.680000000000007, 215.78654791088198
-9.670000000000007, 254.94349628830426
-9.660000000000007, 303.12989718417555
-9.650000000000007, 362.9367969800945
-9.640000000000008, 437.8617118711503
-9.630000000000008, 532.6890361643916
-9.620000000000008, 654.0596189356312
-9.610000000000008, 811.3399700636488
-9.600000000000009, 1017.9768025578642
-9.590000000000009, 1293.6573908963735
-9.580000000000009, 1667.8450637938106
-9.57000000000001, 2185.734397598553
-9.56000000000001, 2918.6133766054045
-9.55000000000001, 3982.571389505547
-9.54000000000001, 5573.733598958541
-9.53000000000001, 8037.951301335643
-9.52000000000001, 12016.790336104712
-9.51000000000001, 18774.984228899255
-9.50000000000001, 30998.361091694438
-9.49000000000001, 54948.62002424438
-9.480000000000011, 107098.44266802225
-9.470000000000011, 238459.5223308163
-9.460000000000012, 648669.427669756
-9.450000000000012, 2468941.436530292
-9.440000000000012, 1.861977681846079E7
-9.430000000000012, 1.3446946858133683E9
-9.420000000000012, 1.918741471491476E9
-9.410000000000013, 2.0961168860979505E7
-9.400000000000013, 2650831.930037477
-9.390000000000013, 682469.0694479162
-9.380000000000013, 248073.94806620906
-9.370000000000013, 110621.05601235847
-9.360000000000014, 56475.318639976205
-9.350000000000014, 31744.12402916915
-9.340000000000014, 19173.405973258978
-9.330000000000014, 12244.978278886989
-9.320000000000014, 8176.11028373286
-9.310000000000015, 5661.270801280251
-9.300000000000015, 4040.1722484670277
-9.290000000000015, 2957.746802596867
-9.280000000000015, 2213.0590432081135
-9.270000000000016, 1687.3818741225846
-9.260000000000016, 1307.9183719858956
-9.250000000000016, 1028.578485650353
-9.240000000000016, 819.3501244962468
-9.230000000000016, 660.2000523501382
-9.220000000000017, 537.4578782054019
-9.210000000000017, 441.6091736408819
-9.200000000000017, 365.91326191612137
-9.190000000000017, 305.51712535772293
-9.180000000000017, 256.87527845617
-9.170000000000018, 217.36262641838343
-9.160000000000018, 185.01156356047326
-9.150000000000018, 158.3305640062811
-9.140000000000018, 136.17715025068875
-9.130000000000019, 117.66772449747879
-9.120000000000019, 102.11275668027329
-9.110000000000019, 88.96965203768848
-9.10000000000002, 77.80810142865751
-9.09000000000002, 68.2843490059522
-9.08000000000002, 60.121900321591184
-9.07000000000002, 53.09692984156492
-9.06000000000002, 47.02715061334932
-9.05000000000002, 41.7632577274317
-9.04000000000002, 37.18230151410448
-9.03000000000002, 33.18251924965888
-9.020000000000021, 29.67927761348614
-9.010000000000021, 26.601867153505022
-9.000000000000021, 23.89095475517673
-8.990000000000022, 21.496547580156072
-8.980000000000022, 19.376357023066724
-8.970000000000022, 17.494477355283774
-8.960000000000022, 15.820313310326341
-8.950000000000022, 14.327705650564544
-8.940000000000023, 12.99421498801737
-8.930000000000023, 11.800532718911153
-8.920000000000023, 10.729994534345911
-8.910000000000023, 9.768177074928014
-8.900000000000023, 8.902562266325457
-8.890000000000024, 8.122256974261672
-8.880000000000024, 7.4177580531116165
-8.870000000000024, 6.780754784063444
-8.860000000000024, 6.203962222100593
-8.850000000000025, 5.680980183776107
-8.840000000000025, 5.206173577306017
-8.830000000000025, 4.774570554805723
-8.820000000000025, 4.381775593720495
-8.810000000000025, 4.023895121890389
-8.800000000000026, 3.6974737126376773
-8.790000000000026, 3.399439211904806
-8.780000000000026, 3.12705543386847
-8.770000000000026, 2.87788128652481
-8.760000000000026, 2.649735373938157
-8.750000000000027, 2.440665274704525
-8.740000000000027, 2.2489208227240236
-8.730000000000027, 2.0729308214389683
-8.720000000000027, 1.9112827101652705
-8.710000000000027, 1.7627047741692796
-8.700000000000028, 1.626050551265857
-8.690000000000028, 1.5002851390078864
-8.680000000000028, 1.3844731496892615
-8.670000000000028, 1.277768096773304
-8.660000000000029, 1.1794030271188276
-8.650000000000029, 1.0886822394354698
-8.640000000000029, 1.0049739515275842
-8.63000000000003, 0.9277037977141734
-8.62000000000003, 0.8563490538679374
-8.61000000000003, 0.7904335012349201
-8.60000000000003, 0.7295228519415834
-8.59000000000003, 0.6732206691714999
-8.58000000000003, 0.621164723653107
-8.57000000000003, 0.5730237355558391
-8.56000000000003, 0.5284944573232765
-8.550000000000031, 0.48729905852920347
-8.540000000000031, 0.44918277865277406
-8.530000000000031, 0.41391181783948056
-8.520000000000032, 0.3812714393366669
-8.510000000000032, 0.35106426044263184
-8.500000000000032, 0.32310871155306814
-8.490000000000032, 0.2972376452831848
-8.480000000000032, 0.27329707973637274
-8.470000000000033, 0.25114506182133794
-8.460000000000033, 0.23065063812423797
-8.450000000000033, 0.21169292225045933
-8.440000000000033, 0.19416024878803795
-8.430000000000033, 0.17794940513345464
-8.420000000000034, 0.16296493337983314
-8.410000000000034, 0.1491184953137323
-8.400000000000034, 0.13632829431425414
-8.390000000000034, 0.12451854860915883
-8.380000000000035, 0.11361901092800718
-8.370000000000035, 0.1035645301111692
-8.360000000000035, 0.09429465069401873
-8.350000000000035, 0.0857532468947491
-8.340000000000035, 0.07788818779815586
-8.330000000000036, 0.07065103085178348
-8.320000000000036, 0.0639967410796621
-8.310000000000036, 0.0578834336766461
-8.300000000000036, 0.052272137876580575
-8.290000000000036, 0.04712658019341347
-8.280000000000037, 0.042412985318634404
-8.270000000000037, 0.0380998931235153
-8.260000000000037, 0.03415799036268537
-8.250000000000037, 0.030559955808476685
-8.240000000000038, 0.027280317664892754
-8.230000000000038, 0.02429532221743843
-8.220000000000038, 0.021582812771729392
-8.210000000000038, 0.01912211802088752
-8.200000000000038, 0.016893949060274933
-8.190000000000039, 0.014880304339011241
-8.180000000000039, 0.013064381901755184
-8.170000000000039, 0.011430498332143381
-8.16000000000004, 0.009964013861676085
-8.15000000000004, 0.00865126315530879
-8.14000000000004, 0.00747949132803849
-8.13000000000004, 0.006436794785820621
-8.12000000000004, 0.005512066519614726
-8.11000000000004, 0.004694945513596318
-8.10000000000004, 0.0039757699579053675
-8.09000000000004, 0.0033455339830204753
-8.080000000000041, 0.002795847657206474
-8.070000000000041, 0.0023189000107160947
-8.060000000000041, 0.0019074248707391672
-8.050000000000042, 0.0015546693096742694
-8.040000000000042, 0.0012543645263158121
-8.030000000000042, 0.0010006989951559374
-8.020000000000042, 7.882937333330671E-4
-8.010000000000042, 6.121795479410157E-4
-8.000000000000043, 4.6777613855706343E-4
-7.990000000000043, 3.5087294105578436E-4
-7.980000000000043, 2.5761160914057374E-4
-7.970000000000043, 1.8447003963086418E-4
-7.9600000000000435, 1.2824785646686578E-4
-7.950000000000044, 8.605327670565776E-5
-7.940000000000044, 5.529128954707955E-5
-7.930000000000044, 3.365308670436987E-5
-7.920000000000044, 1.9106689277737758E-5
-7.9100000000000446, 9.888722749631888E-6
-7.900000000000045, 4.497297845704796E-6
-7.890000000000045, 1.685960839423447E-6
-7.880000000000045, 4.586824624745961E-7
-7.870000000000045, 6.585995680094769E-8
-7.860000000000046, 1.3120046153927956E-9
-7.850000000000046, 2.513358929657555E-10
-7.840000000000046, 3.8224773205451756E-8
-7.830000000000046, 3.310153650125576E-7
-7.8200000000000465, 1.335506113709231E-6
-7.810000000000047, 3.7515096565875553E-6
-7.800000000000047, 8.524573139109203E-6
-7.790000000000047, 1.684977246346685E-5
-7.780000000000047, 3.017651513486019E-5
-7.7700000000000475, 5.0214376097588346E-5
-7.760000000000048, 7.89399962885028E-5
-7.750000000000048, 1.1860507917356836E-4
-7.740000000000048, 1.7174552631309126E-4
-7.730000000000048, 2.411917590635631E-4
-7.720000000000049, 3.300802799126759E-4
-7.710000000000049, 4.4186653370530886E-4
-7.700000000000049, 5.803391362022962E-4
-7.690000000000049, 7.496355450743107E-4
-7.6800000000000495, 9.542592566286603E-4
-7.67000000000005, 0.0011990986203604846
-7.66000000000005, 0.0014894473728810317
-7.65000000000005, 0.0018310270029794882
-7.64000000000005, 0.00223001107060444
-7.6300000000000505, 0.0026930516144968225
-7.620000000000051, 0.003227307796168155
-7.610000000000051, 0.0038404769420066053
-7.600000000000051, 0.00454082816062931
-7.590000000000051, 0.005337238729318432
-7.580000000000052, 0.006239233461628166
-7.570000000000052, 0.007257027288195684
-7.560000000000052, 0.008401571304614597
-7.550000000000052, 0.009684602564137293
-7.540000000000052, 0.011118697919190465
-7.530000000000053, 0.012717332244466438
-7.520000000000053, 0.014494941405975412
-7.510000000000053, 0.016466990375221147
-7.500000000000053, 0.0186500469259496
-7.4900000000000535, 0.021061861393103325
-7.480000000000054, 0.02372145302013956
-7.470000000000054, 0.026649203472221866
-7.460000000000054, 0.02986695814953237
-7.450000000000054, 0.03339813599768557
-7.440000000000055, 0.03726784858166259
-7.430000000000055, 0.04150302926659381
-7.420000000000055, 0.04613257343399766
-7.410000000000055, 0.051187490756713215
-7.400000000000055, 0.05670107066087286
-7.390000000000056, 0.06270906222011344
-7.380000000000056, 0.06924986985725366
-7.370000000000056, 0.07636476637348927
-7.360000000000056, 0.08409812498661703
-7.3500000000000565, 0.09249767223997683
-7.340000000000057, 0.10161476384506378
-7.330000000000057, 0.11150468574579174
-7.320000000000057, 0.12222698294427851
-7.310000000000057, 0.1338458189102161
-7.3000000000000576, 0.14643036871240858
-7.290000000000058, 0.16005524936644078
-7.280000000000058, 0.17480099129188117
-7.270000000000058, 0.1907545552219015
-7.260000000000058, 0.20800989941451425
-7.250000000000059, 0.226668602585694
-7.240000000000059, 0.24684054862941684
-7.230000000000059, 0.26864467991857316
-7.220000000000059, 0.29220982680572394
-7.2100000000000595, 0.3176756218776537
-7.20000000000006, 0.3451935085785898
-7.19000000000006, 0.37492785502234555
-7.18000000000006, 0.40705718518501943
-7.17000000000006, 0.4417755412322008
-7.1600000000000605, 0.47929399251688354
-7.150000000000061, 0.5198423088204737
-7.140000000000061, 0.5636708177387176
-7.130000000000061, 0.6110524687835203
-7.120000000000061, 0.6622851298343273
-7.110000000000062, 0.7176941450928986
-7.100000000000062, 0.7776351877471008
-7.090000000000062, 0.842497445221342
-7.080000000000062, 0.9127071802866896
-7.0700000000000625, 0.9887317175456088
-7.060000000000063, 1.0710839120401088
-7.050000000000063, 1.1603271651299598
-7.040000000000063, 1.2570810625556827
-7.030000000000063, 1.3620277209831455
-7.0200000000000635, 1.4759189426160657
-7.010000000000064, 1.5995842930091984
-7.000000000000064, 1.733940235439266
-6.990000000000064, 1.8800004765985818
-6.980000000000064, 2.0388877035776165
-6.970000000000065, 2.2118469218358654
-6.960000000000065, 2.4002606390189762
-6.950000000000065, 2.605666181151906
-6.940000000000065, 2.829775477247767
-6.930000000000065, 3.0744977073395305
-6.920000000000066, 3.341965279353004
-6.910000000000066, 3.6345636845345255
-6.900000000000066, 3.9549658823375653
-6.890000000000066, 4.3061719874825215
-6.8800000000000665, 4.691555178957312
-6.870000000000067, 5.114914928780854
-6.860000000000067, 5.58053886460236
-6.850000000000067, 6.093274843683742
-6.840000000000067, 6.65861513787061
-6.830000000000068, 7.282795024159411
-6.820000000000068, 7.972908561633167
-6.810000000000068, 8.737044936071294
-6.800000000000068, 9.584449498138662
-6.790000000000068, 10.525714547876557
-6.780000000000069, 11.573006076514273
-6.770000000000069, 12.740334130277109
-6.760000000000069, 14.043876293158885
-6.750000000000069, 15.502366105640673
-6.7400000000000695, 17.13756118775389
-6.73000000000007, 18.974809607979605
-6.72000000000007, 21.043737887695826
-6.71000000000007, 23.37909029384101
-6.70000000000007, 26.02175720809005
-6.690000000000071, 29.02004099064683
-6.680000000000071, 32.431221730053615
-6.670000000000071, 36.323503756091135
-6.660000000000071, 40.77844841172675
-6.650000000000071, 45.89403159730886
-6.640000000000072, 51.78850920761949
-6.630000000000072, 58.605334316548635
-6.620000000000072, 66.51945333193753
-6.610000000000072, 75.74542376739178
-6.6000000000000725, 86.5479575429751
-6.590000000000073, 99.25572121417709
-6.580000000000073, 114.27954871770258
-6.570000000000073, 132.1366892438862
-6.560000000000073, 153.4833934138281
-6.5500000000000735, 179.15914493816956
-6.540000000000074, 210.24734560242428
-6.530000000000074, 248.15953614593906
-6.520000000000074, 294.7537359515519
-6.510000000000074, 352.50295881396397
-6.500000000000075, 424.73867471037613
-6.490000000000075, 516.0081191839445
-6.480000000000075, 632.607749719941
-6.470000000000075, 783.3947672863964
-6.4600000000000755, 981.0473756567003
-6.450000000000076, 1244.0670371259464
-6.440000000000076, 1600.0411795627604
-6.430000000000076, 2091.1124850127853
-6.420000000000076, 2783.443867694788
-6.4100000000000765, 3784.200930894156
-6.400000000000077, 5273.308818494532
-6.390000000000077, 7565.744393381953
-6.380000000000077, 11240.753880062748
-6.370000000000077, 17428.304062955493
-6.360000000000078, 28497.145360632374
-6.350000000000078, 49879.76068803702
-6.340000000000078, 95562.34278593479
-6.330000000000078, 207587.67416335348
-6.320000000000078, 543413.2401620871
-6.310000000000079, 1932378.8061033126
-6.300000000000079, 1.250490849962081E7
-6.290000000000079, 4.6364755174031943E8
-6.280000000000079, 9.71379296335006E9
-6.2700000000000795, 3.3077929474192478E7
-6.26000000000008, 3458097.7552082352
-6.25000000000008, 823339.1569719892
-6.24000000000008, 286797.62376968126
-6.23000000000008, 124507.14041254972
-6.220000000000081, 62405.319740428815
-6.210000000000081, 34609.794819124276
-6.200000000000081, 20691.884570953654
-6.190000000000081, 13109.066301048424
-6.180000000000081, 8696.566592366162
-6.170000000000082, 5989.619730764956
-6.160000000000082, 4255.456014420192
-6.150000000000082, 3103.5622722114963
-6.140000000000082, 2314.6064705114636
-6.1300000000000825, 1759.8214420678069
-6.120000000000083, 1360.6900928819211
-6.110000000000083, 1067.7397926639212
-6.100000000000083, 848.8920065793036
-6.090000000000083, 682.8143218608782
-6.080000000000084, 554.9984443784832
-6.070000000000084, 455.377062551071
-6.060000000000084, 376.8371117577025
-6.050000000000084, 314.27005067642557
-6.040000000000084, 263.95207100701003
-6.030000000000085, 223.13169592340353
-6.020000000000085, 189.75047311619142
-6.010000000000085, 162.25071809684928
-6.000000000000085, 139.4411911005111
-5.9900000000000855, 120.40195181330208
-5.980000000000086, 104.41610266839693
-5.970000000000086, 90.92024068271567
-5.960000000000086, 79.46809292110271
-5.950000000000086, 69.70355296479345
-5.9400000000000865, 61.34049562371051
-5.930000000000087, 54.14752970354675
-5.920000000000087, 47.93638332053552
-5.910000000000087, 42.55298589763121
-5.900000000000087, 37.87056936068915
-5.890000000000088, 33.784293558100124
-5.880000000000088, 30.207031107215087
-5.870000000000088, 27.06604059227854
-5.860000000000088, 24.300325106388502
-5.8500000000000885, 21.8585229785648
-5.840000000000089, 19.69721432185182
-5.830000000000089, 17.77955440201432
-5.820000000000089, 16.07416532170448
-5.810000000000089, 14.554232970472714
-5.8000000000000895, 13.196767921627654
-5.79000000000009, 11.981997915611661
-5.78000000000009, 10.892866451783068
-5.77000000000009, 9.914617327505388
-5.76000000000009, 9.034449093489167
-5.750000000000091, 8.241226619064848
-5.740000000000091, 7.525239491476664
-5.730000000000091, 6.877998968383466
-5.720000000000091, 6.292066783005374
-5.7100000000000914, 5.760910358562462
-5.700000000000092, 5.27877999310609
-5.690000000000092, 4.840604381646314
-5.680000000000092, 4.441901491471385
-5.670000000000092, 4.078702331241059
-5.6600000000000925, 3.7474855801830067
-5.650000000000093, 3.4451213904128943
-5.640000000000093, 3.1688229586798213
-5.630000000000093, 2.9161046960753256
-5.620000000000093, 2.6847460152429616
-5.610000000000094, 2.4727599121963713
-5.600000000000094, 2.278365650237252
-5.590000000000094, 2.099964961665541
-5.580000000000094, 1.9361212730192412
-5.570000000000094, 1.785541534721981
-5.560000000000095, 1.6470602988861287
-5.550000000000095, 1.519625741756853
-5.540000000000095, 1.4022873716317206
-5.530000000000095, 1.294185200475983
-5.5200000000000955, 1.1945401890430545
-5.510000000000096, 1.1026458020630325
-5.500000000000096, 1.017860532770141
-5.490000000000096, 0.9396012753560815
-5.480000000000096, 0.8673374404019935
-5.470000000000097, 0.8005857224064279
-5.460000000000097, 0.7389054405644973
-5.450000000000097, 0.68189438427664
-5.440000000000097, 0.6291851037349147
-5.430000000000097, 0.5804415935695503
-5.420000000000098, 0.5353563241222054
-5.410000000000098, 0.49364758059982583
-5.400000000000098, 0.4550570752845226
-5.390000000000098, 0.419347802240929
-5.3800000000000985, 0.38630210766625417
-5.370000000000099, 0.3557199522491614
-5.360000000000099, 0.32741734470879197
-5.350000000000099, 0.3012249281323117
-5.340000000000099, 0.27698670286705857
-5.3300000000000995, 0.2545588715935748
-5.3200000000001, 0.2338087938444035
-5.3100000000001, 0.21461403867104348
-5.3000000000001, 0.19686152542451274
-5.2900000000001, 0.18044674372597072
-5.280000000000101, 0.16527304468259915
-5.270000000000101, 0.15125099626714586
-5.260000000000101, 0.13829779654187113
-5.250000000000101, 0.12633673908164567
-5.2400000000001015, 0.11529672554768129
-5.230000000000102, 0.1051118208921941
-5.220000000000102, 0.09572084714360261
-5.210000000000102, 0.08706701213870288
-5.200000000000102, 0.07909756993901677
-5.1900000000001025, 0.07176350999855766
-5.180000000000103, 0.06501927244443505
-5.170000000000103, 0.05882248709417115
-5.160000000000103, 0.0531337340680025
-5.150000000000103, 0.04791632406400907
-5.140000000000104, 0.043136096551443834
-5.130000000000104, 0.038761234305638666
-5.120000000000104, 0.03476209285850075
-5.110000000000104, 0.031111043573809907
-5.1000000000001044, 0.027782329177992053
-5.090000000000105, 0.024751930686255245
-5.080000000000105, 0.02199744476227506
-5.070000000000105, 0.019497970638165704
-5.060000000000105, 0.017234005801313023
-5.0500000000001055, 0.015187349726701261
-5.040000000000106, 0.01334101499844549
-5.030000000000106, 0.01167914522308128
-5.020000000000106, 0.010186939190402824
-5.010000000000106, 0.008850580785855544
-5.000000000000107, 0.007657174202198021
-4.990000000000107, 0.006594684037799306
-4.980000000000107, 0.00565187990494698
-4.970000000000107, 0.004818285204270805
-4.960000000000107, 0.004084129751163111
-4.950000000000108, 0.0034403059671938045
-4.940000000000108, 0.002878328374236224
-4.930000000000108, 0.0023902961515774633
-4.920000000000108, 0.0019688585368916206
-4.9100000000001085, 0.001607182870800751
-4.900000000000109, 0.0012989251020040706
-4.890000000000109, 0.0010382025857780671
-4.880000000000109, 8.195690231767368E-4
-4.870000000000109, 6.379914016186117E-4
-4.86000000000011, 4.888288098500289E-4
-4.85000000000011, 3.678130116250367E-4
-4.84000000000011, 2.710306729359859E-4
-4.83000000000011, 1.949071473504966E-4
-4.82000000000011, 1.3619173303802915E-4
-4.810000000000111, 9.194432347438362E-5
-4.800000000000111, 5.952338166005309E-5
-4.790000000000111, 3.65751750388905E-5
-4.780000000000111, 2.1024215212239906E-5
-4.7700000000001115, 1.1064853062007724E-5
-4.760000000000112, 5.153986071734602E-6
-4.750000000000112, 2.0048405122364982E-6
-4.740000000000112, 5.817967796830401E-7
-4.730000000000112, 9.623157864458305E-8
-4.7200000000001125, 3.3558683010514167E-9
-4.710000000000113, 3.2572691067245505E-11
-4.700000000000113, 2.3563030341477515E-8
-4.690000000000113, 2.5143605864891986E-7
-4.680000000000113, 1.1020383671179732E-6
-4.670000000000114, 3.2363299037620412E-6
-4.660000000000114, 7.560492593334826E-6
-4.650000000000114, 1.5229565857487572E-5
-4.640000000000114, 2.765208732884879E-5
-4.6300000000001145, 4.6495762317619024E-5
-4.620000000000115, 7.369419089587012E-5
-4.610000000000115, 1.114546869681126E-4
-4.600000000000115, 1.6226722943533055E-4
-4.590000000000115, 2.2891459157422885E-4
-4.5800000000001155, 3.1448370108705837E-4
-4.570000000000116, 4.223782899760093E-4
-4.560000000000116, 5.563329005093895E-4
-4.550000000000116, 7.204283211275763E-4
-4.540000000000116, 9.191085342429654E-4
-4.530000000000117, 0.0011571992665820657
-4.520000000000117, 0.0014399282420678133
-4.510000000000117, 0.0017729472473205212
-4.500000000000117, 0.0021623561307479726
-4.4900000000001175, 0.0026147288679885293
-4.480000000000118, 0.003137141839264484
-4.470000000000118, 0.003737204478103786
-4.460000000000118, 0.00442309246601739
-4.450000000000118, 0.005203583664208467
-4.4400000000001185, 0.006088096991384914
-4.430000000000119, 0.007086734476410767
-4.420000000000119, 0.008210326736044953
-4.410000000000119, 0.009470482151577963
-4.400000000000119, 0.01087964004400998
-4.39000000000012, 0.012451128175767351
-4.38000000000012, 0.014199224938103508
-4.37000000000012, 0.01613922661758205
-4.36000000000012, 0.018287520172744383
-4.35000000000012, 0.0206616619935967
-4.340000000000121, 0.023280463162355585
-4.330000000000121, 0.026164081784437077
-4.320000000000121, 0.02933412301451614
-4.310000000000121, 0.03281374746421618
-4.3000000000001215, 0.03662778874630872
-4.290000000000122, 0.040802880985967724
-4.280000000000122, 0.045367597213503044
-4.270000000000122, 0.050352599646070834
-4.260000000000122, 0.055790802969213085
-4.250000000000123, 0.061717551843973394
-4.240000000000123, 0.06817081399315994
-4.230000000000123, 0.07519139036267908
-4.220000000000123, 0.08282314401253799
-4.210000000000123, 0.09111324956916629
-4.200000000000124, 0.10011246526843312
-4.190000000000124, 0.10987542983978757
-4.180000000000124, 0.12046098672934963
-4.170000000000124, 0.1319325384368689
-4.1600000000001245, 0.1443584340522613
-4.150000000000125, 0.15781239342627074
-4.140000000000125, 0.1723739718018602
-4.130000000000125, 0.18812906917400424
-4.120000000000125, 0.20517048914234287
-4.1100000000001256, 0.2235985525813062
-4.100000000000126, 0.24352177208471767
-4.090000000000126, 0.2650575938566387
-4.080000000000126, 0.28833321452904165
-4.070000000000126, 0.3134864813033721
-4.060000000000127, 0.3406668848527322
-4.050000000000127, 0.37003665560245336
-4.040000000000127, 0.40177197535019993
-4.030000000000127, 0.4360643177167775
-4.0200000000001275, 0.47312193266397207
-4.010000000000128, 0.5131714923089417
-4.000000000000128, 0.5564599175445587
-3.990000000000128, 0.6032564075867002
-3.9800000000001283, 0.6538546975655315
-3.9700000000001285, 0.7085755727204528
-3.9600000000001288, 0.7677696717199559
-3.950000000000129, 0.8318206161943799
-3.940000000000129, 0.9011485088420599
-3.9300000000001294, 0.9762138485673522
-3.9200000000001296, 1.0575219181740656
-3.91000000000013, 1.1456277083375526
-3.90000000000013, 1.2411414511131902
-3.8900000000001302, 1.3447348473458172
-3.8800000000001305, 1.457148085308626
-3.8700000000001307, 1.5791977630607363
-3.860000000000131, 1.7117858447791843
-3.850000000000131, 1.855909802183831
-3.8400000000001313, 2.0126741167252598
-3.8300000000001315, 2.1833033471614307
-3.8200000000001317, 2.369157001376243
-3.810000000000132, 2.5717464918455413
-3.800000000000132, 2.7927545023177163
-3.7900000000001324, 3.034057150614693
-3.7800000000001326, 3.297749400897447
-3.770000000000133, 3.5861742606385256
-3.760000000000133, 3.901956395815187
-3.7500000000001332, 4.248040916079043
-3.7400000000001334, 4.627738224338147
-3.7300000000001337, 5.04477599786393
-3.720000000000134, 5.503359577651837
-3.710000000000134, 6.00824229802376
-3.7000000000001343, 6.5648076003142215
-3.6900000000001345, 7.179165156758484
-3.6800000000001347, 7.858263700937469
-3.670000000000135, 8.610023841653389
-3.660000000000135, 9.443494856456672
-3.6500000000001354, 10.369040355866776
-3.6400000000001356, 11.398558826911062
-3.630000000000136, 12.545746466213854
-3.620000000000136, 13.826411478312709
-3.610000000000136, 15.258851248614077
-3.6000000000001364, 16.86430663989282
-3.5900000000001366, 18.667511288371745
-3.580000000000137, 20.697358432222423
-3.570000000000137, 22.987713815836237
-3.5600000000001373, 25.578411013853398
-3.5500000000001375, 28.516475701474565
-3.5400000000001377, 31.857638769707236
-3.530000000000138, 35.668215856311896
-3.520000000000138, 40.02745437311217
-3.5100000000001383, 45.030480604427495
-3.5000000000001386, 50.79202195012296
-3.4900000000001388, 57.45113717708574
-3.480000000000139, 65.1772667646429
-3.470000000000139, 74.17802495981735
-3.4600000000001394, 84.70930796240025
-3.4500000000001396, 97.08850787408696
-3.44000000000014, 111.7119282351189
-3.43000000000014, 129.07793728388378
-3.4200000000001403, 149.81803551510004
-3.4100000000001405, 174.73895701800004
-3.4000000000001407, 204.88033040727763
-3.390000000000141, 241.59455198774899
-3.380000000000141, 286.65878848441264
-3.3700000000001413, 342.4341188826702
-3.3600000000001415, 412.0949060967923
-3.3500000000001418, 499.9645557822762
-3.340000000000142, 612.0153805712049
-3.330000000000142, 756.6266614135745
-3.3200000000001424, 945.7578637612689
-3.3100000000001426, 1196.8055519621773
-3.300000000000143, 1535.6165170806937
-3.290000000000143, 2001.5148607289136
-3.2800000000001432, 2655.9553819079815
-3.2700000000001435, 3597.955787191193
-3.2600000000001437, 4992.7538711870075
-3.250000000000144, 7127.565680385335
-3.240000000000144, 10526.151016765005
-3.2300000000001443, 16199.904761687601
-3.2200000000001445, 26242.667070614436
-3.2100000000001447, 45381.23551735236
-3.200000000000145, 85536.82191118899
-3.190000000000145, 181550.42081935177
-3.1800000000001454, 458657.3013666389
-3.1700000000001456, 1533945.5900650376
-3.160000000000146, 8706408.493275836
-3.150000000000146, 2.0013511763185441E8
-3.1400000000001462, 1.554222643943923E11
-3.1300000000001464, 5.535931962338932E7
-3.1200000000001467, 4597332.538725417
-3.110000000000147, 1002484.0849427754
-3.100000000000147, 333373.700973583
-3.0900000000001473, 140639.15161139827
-3.0800000000001475, 69133.03791835395
-3.0700000000001477, 37805.469217257785
-3.060000000000148, 22363.241969957577
-3.050000000000148, 14050.444055721344
-3.0400000000001484, 9258.909481491215
-3.0300000000001486, 6341.990315270365
-3.020000000000149, 4485.178542443866
-3.010000000000149, 3258.4071747629173
-3.000000000000149, 2421.99499624232
-2.9900000000001494, 1836.1518144590605
-2.9800000000001496, 1416.1205855526762
-2.97000000000015, 1108.7593055230348
-2.96000000000015, 879.7587655702714
-2.9500000000001503, 706.3902035193457
-2.9400000000001505, 573.24823085349
-2.9300000000001507, 469.67564846245523
-2.920000000000151, 388.16332303334684
-2.910000000000151, 323.33171149904524
-2.9000000000001513, 271.2683699208732
-2.8900000000001516, 229.08844661945224
-2.8800000000001518, 194.63782425910466
-2.870000000000152, 166.28929019615344
-2.860000000000152, 142.80045370353204
-2.8500000000001524, 123.21331705770261
-2.8400000000001526, 106.78236952157224
-2.830000000000153, 92.92248512647576
-2.820000000000153, 81.17074850445375
-2.8100000000001533, 71.15819438160025
-2.8000000000001535, 62.58868271848888
-2.7900000000001537, 55.222963947196675
-2.780000000000154, 48.86655641900865
-2.770000000000154, 43.360449903831274
-2.7600000000001543, 38.5739223362145
-2.7500000000001545, 34.398949768965075
-2.7400000000001548, 30.745826784900316
-2.730000000000155, 27.53971331484292
-2.720000000000155, 24.717895394061376
-2.7100000000001554, 22.227599745276585
-2.7000000000001556, 20.024240674507645
-2.690000000000156, 18.070006437264272
-2.680000000000156, 16.33271368343691
-2.6700000000001562, 14.78487474817801
-2.6600000000001565, 13.40293480821823
-2.6500000000001567, 12.16664527098405
-2.640000000000157, 11.058546938520049
-2.630000000000157, 10.063542026245184
-2.6200000000001573, 9.168538414660595
-2.6100000000001575, 8.362152865339642
-2.6000000000001577, 7.6344625617209205
-2.590000000000158, 6.976796406644557
-2.580000000000158, 6.3815591481070335
-2.5700000000001584, 5.842082708175257
-2.5600000000001586, 5.352500130721281
-2.550000000000159, 4.907638398001914
-2.540000000000159, 4.502927037685057
-2.5300000000001592, 4.134319984548298
-2.5200000000001594, 3.7982286011231
-2.5100000000001597, 3.491464119695864
-2.50000000000016, 3.2111880605545933
-2.49000000000016, 2.9548694210203164
-2.4800000000001603, 2.7202476267999836
-2.4700000000001605, 2.5053003996388874
-2.4600000000001607, 2.308215829600101
-2.450000000000161, 2.1273680517400733
-2.440000000000161, 1.9612960196508356
-2.4300000000001614, 1.8086849456625744
-2.4200000000001616, 1.6683500421701332
-2.410000000000162, 1.5392222527720514
-2.400000000000162, 1.4203357074932352
-2.390000000000162, 1.3108166747725911
-2.3800000000001624, 1.2098738153406603
-2.3700000000001626, 1.1167895705785844
-2.360000000000163, 1.0309125412552913
-2.350000000000163, 0.9516507323571154
-2.3400000000001633, 0.8784655566115886
-2.3300000000001635, 0.8108665037272682
-2.3200000000001637, 0.748406394709926
-2.310000000000164, 0.6906771511927764
-2.300000000000164, 0.6373060188040454
-2.2900000000001643, 0.5879521914133239
-2.2800000000001646, 0.5423037898383514
-2.2700000000001648, 0.5000751544146503
-2.260000000000165, 0.4610044158661643
-2.250000000000165, 0.42485131327878806
-2.2400000000001654, 0.3913952317663623
-2.2300000000001656, 0.3604334357116995
-2.220000000000166, 0.3317794763325912
-2.210000000000166, 0.30526175482329054
-2.2000000000001663, 0.2807222245060153
-2.1900000000001665, 0.2580152173372685
-2.1800000000001667, 0.2370063817870713
-2.170000000000167, 0.21757172057689417
-2.160000000000167, 0.19959671805127605
-2.1500000000001673, 0.18297554809198238
-2.1400000000001675, 0.16761035448215647
-2.1300000000001678, 0.1534105965085051
-2.120000000000168, 0.14029245336704194
-2.110000000000168, 0.12817828162525488
-2.1000000000001684, 0.11699612060190018
-2.0900000000001686, 0.10667924106469122
-2.080000000000169, 0.09716573312442421
-2.070000000000169, 0.08839812962883746
-2.0600000000001693, 0.0803230617372034
-2.0500000000001695, 0.072890943692857
-2.0400000000001697, 0.06605568411044742
-2.03000000000017, 0.05977442136196136
-2.02000000000017, 0.054007280884195055
-2.0100000000001703, 0.04871715244368576
-2.0000000000001705, 0.04386948558597672
-1.9900000000001705, 0.03943210166704977
-1.9800000000001705, 0.035375021018029286
-1.9700000000001705, 0.031670303931796186
-1.9600000000001705, 0.028291904283698818
-1.9500000000001705, 0.02521553470961755
-1.9400000000001705, 0.022418542364594073
-1.9300000000001705, 0.019879794375268448
-1.9200000000001705, 0.017579572180527137
-1.9100000000001705, 0.015499474028005729
-1.9000000000001704, 0.013622324960228539
-1.8900000000001704, 0.011932093683956025
-1.8800000000001704, 0.010413815770402882
-1.8700000000001704, 0.009053522682967927
-1.8600000000001704, 0.007838176173512455
-1.8500000000001704, 0.006755607628491389
-1.8400000000001704, 0.005794461982806682
-1.8300000000001704, 0.004944145852480579
-1.8200000000001704, 0.004194779567472918
-1.8100000000001704, 0.003537152813488265
-1.8000000000001704, 0.0029626836167035526
-1.7900000000001703, 0.002463380428232347
-1.7800000000001703, 0.002031807086045444
-1.7700000000001703, 0.0016610504511816583
-1.7600000000001703, 0.0013446905325808134
-1.7500000000001703, 0.0010767729309118955
-1.7400000000001703, 8.517834464933854E-4
-1.7300000000001703, 6.646247099384901E-4
-1.7200000000001703, 5.105947066216086E-4
-1.7100000000001703, 3.8536707755832734E-4
-1.7000000000001703, 2.849730899155305E-4
-1.6900000000001703, 2.057851802073588E-4
-1.6800000000001702, 1.4450198236599072E-4
-1.6700000000001702, 9.813476137581493E-5
-1.6600000000001702, 6.399518109186596E-5
-1.6500000000001702, 3.968434228926407E-5
-1.6400000000001702, 2.308303396590468E-5
-1.6300000000001702, 1.2343147497880297E-5
-1.6200000000001702, 5.880209474204872E-6
-1.6100000000001702, 2.3669949595407822E-6
-1.6000000000001702, 7.281885930169421E-7
-1.5900000000001702, 1.360663678310466E-7
-1.5800000000001702, 7.176188051105229E-9
-1.5700000000001701, 4.021292681525523E-13
-1.5600000000001701, 1.3588502057272788E-8
-1.5500000000001701, 1.8715308674596093E-7
-1.5400000000001701, 9.006270513220833E-7
-1.5300000000001701, 2.7761848134087528E-6
-1.52000000000017, 6.680735255775673E-6
-1.51000000000017, 1.372939898486351E-5
-1.50000000000017, 2.528998750991458E-5
-1.49000000000017, 4.298850707184053E-5
-1.48000000000017, 6.871571512966152E-5
-1.47000000000017, 1.0463476298184779E-4
-1.46000000000017, 1.531899636984014E-4
-1.45000000000017, 2.1711673050731807E-4
-1.44000000000017, 2.9945273705882225E-4
-1.43000000000017, 4.035503576281246E-4
-1.42000000000017, 5.330904523610962E-4
-1.41000000000017, 6.920975701698939E-4
-1.40000000000017, 8.84956649904057E-4
-1.39000000000017, 0.001116431309018459
-1.38000000000017, 0.0013916838182002236
-1.37000000000017, 0.0017162968703753837
-1.36000000000017, 0.002096297263273129
-1.35000000000017, 0.0025381816263690335
-1.34000000000017, 0.003048944335655594
-1.33000000000017, 0.0036361077734053766
-1.32000000000017, 0.004307755105017044
-1.31000000000017, 0.005072565761297455
-1.30000000000017, 0.005939853832277777
-1.29000000000017, 0.006919609598048948
-1.28000000000017, 0.008022544443306405
-1.2700000000001699, 0.009260139425516279
-1.2600000000001699, 0.01064469779207035
-1.2500000000001699, 0.012189401769731257
-1.2400000000001699, 0.013908373980353331
-1.2300000000001698, 0.015816743870600912
-1.2200000000001698, 0.017930719580514055
-1.2100000000001698, 0.02026766571666959
-1.2000000000001698, 0.022846187540775074
-1.1900000000001698, 0.025686222134293165
-1.1800000000001698, 0.028809137154648643
-1.1700000000001698, 0.032237837859327025
-1.1600000000001698, 0.035996883141390046
-1.1500000000001698, 0.040112611394376725
-1.1400000000001698, 0.04461327710706699
-1.1300000000001698, 0.04952919918012267
-1.1200000000001697, 0.05489292205825948
-1.1100000000001697, 0.060739390884571545
-1.1000000000001697, 0.06710614200929015
-1.0900000000001697, 0.07403351032518836
-1.0800000000001697, 0.08156485505778167
-1.0700000000001697, 0.08974680581245484
-1.0600000000001697, 0.09862953087491354
-1.0500000000001697, 0.10826702997850222
-1.0400000000001697, 0.11871745399491247
-1.0300000000001697, 0.13004345427692945
-1.0200000000001697, 0.14231256468699244
-1.0100000000001697, 0.1555976196878131
-1.0000000000001696, 0.16997721225609214
-0.9900000000001696, 0.18553619581321149
-0.9800000000001696, 0.2023662348542088
-0.9700000000001696, 0.2205664095058437
-0.9600000000001696, 0.24024387986480408
-0.9500000000001696, 0.26151461666800807
-0.9400000000001696, 0.2845042056399379
-0.9300000000001696, 0.30934873376028393
-0.9200000000001696, 0.3361957667140842
-0.9100000000001696, 0.36520542794375305
-0.9000000000001696, 0.39655159103833987
-0.8900000000001695, 0.43042319869392043
-0.8800000000001695, 0.46702572318779584
-0.8700000000001695, 0.5065827852604669
-0.8600000000001695, 0.5493379505306979
-0.8500000000001695, 0.5955567251244667
-0.8400000000001695, 0.6455287751295253
-0.8300000000001695, 0.6995703978541821
-0.8200000000001695, 0.7580272767425248
-0.8100000000001695, 0.8212775562623124
-0.8000000000001695, 0.8897352782343201
-0.7900000000001695, 0.9638542270297132
-0.7800000000001694, 1.0441322379623945
-0.7700000000001694, 1.131116031209962
-0.7600000000001694, 1.2254066429037986
-0.7500000000001694, 1.327665535867651
-0.7400000000001694, 1.438621485130862
-0.7300000000001694, 1.5590783481280333
-0.7200000000001694, 1.6899238468176394
-0.7100000000001694, 1.832139509285195
-0.7000000000001694, 1.986811942316059
-0.6900000000001694, 2.1551456346235316
-0.6800000000001694, 2.3384775237405013
-0.6700000000001693, 2.5382935990484046
-0.6600000000001693, 2.7562478602701104
-0.6500000000001693, 2.9941840065119347
-0.6400000000001693, 3.254160297464755
-0.6300000000001693, 3.538478107949843
-0.6200000000001693, 3.8497147924371586
-0.6100000000001693, 4.190761590951165
-0.6000000000001693, 4.5648674462264935
-0.5900000000001693, 4.975689769449895
-0.5800000000001693, 5.4273533951257145
-0.5700000000001693, 5.924519212924527
-0.5600000000001693, 6.472464266370751
-0.5500000000001692, 7.077175478220568
-0.5400000000001692, 7.7454596172516945
-0.5300000000001692, 8.485072682412104
-0.5200000000001692, 9.304872575292952
-0.5100000000001692, 10.214999795911037
-0.5000000000001692, 11.227091975195412
-0.4900000000001692, 12.35453940914721
-0.4800000000001692, 13.61279046086841
-0.47000000000016917, 15.019717847577894
-0.46000000000016916, 16.59605956188226
-0.45000000000016915, 18.365951663831197
-0.44000000000016914, 20.357574653842875
-0.43000000000016914, 22.603940905612795
-0.4200000000001691, 25.143858118673585
-0.4100000000001691, 28.02311350583712
-0.4000000000001691, 31.295936229631703
-0.3900000000001691, 35.0268124990354
-0.3800000000001691, 39.29275019263253
-0.3700000000001691, 44.1861199210957
-0.3600000000001691, 49.818239939501275
-0.35000000000016906, 56.323927320445875
-0.34000000000016906, 63.86731309699834
-0.33000000000016905, 72.6493230457447
-0.32000000000016904, 82.91737060209266
-0.31000000000016903, 94.97801205534739
-0.300000000000169, 109.21360343822576
-0.290000000000169, 126.10441377572434
-0.280000000000169, 146.25825222180654
-0.270000000000169, 170.4505524337381
-0.260000000000169, 199.67917592248855
-0.250000000000169, 235.24018541781882
-0.24000000000016897, 278.8338854201598
-0.23000000000016896, 332.7151659364563
-0.22000000000016895, 399.9096844101927
-0.21000000000016894, 484.5295088568146
-0.20000000000016893, 592.2417247133441
-0.19000000000016892, 730.9769222702712
-0.1800000000001689, 912.0220022968581
-0.1700000000001689, 1151.7433855535821
-0.1600000000001689, 1474.371612536345
-0.1500000000001689, 1916.6256332806647
-0.14000000000016888, 2535.631286043853
-0.13000000000016887, 3422.95913424143
-0.12000000000016887, 4730.515072727477
-0.11000000000016888, 6720.518673468868
-0.10000000000016888, 9867.243766458292
-0.09000000000016889, 15077.547202742071
-0.0800000000001689, 24206.30651052543
-0.0700000000001689, 41377.781388165924
-0.0600000000001689, 76790.70098980486
-0.050000000000168895, 159467.24427293197
-0.040000000000168894, 389792.24432947714
-0.03000000000016889, 1233086.9974421225
-0.02000000000016889, 6246667.244206297
-0.01000000000016889, 9.998666723768255E7
-1.6888920817414999E-13, NaN
0.009999999999831111, 0.7873148164730476
0.01999999999983111, 0.778764028172154
0.029999999999831113, 0.7855241382196607
0.039999999999831115, 0.7979268092499053
0.04999999999983112, 0.8133366778476745
0.05999999999983112, 0.8307134360106889
0.06999999999983111, 0.849565972711475
0.07999999999983111, 0.8696388641342185
0.0899999999998311, 0.8907932745383738
0.0999999999998311, 0.9129542758531741
0.1099999999998311, 0.9360849174664037
0.11999999999983109, 0.9601724153369844
0.12999999999983108, 0.9852203443040184
0.1399999999998311, 1.0112440215451006
0.1499999999998311, 1.0382676874678207
0.1599999999998311, 1.0663227500046895
0.16999999999983112, 1.0954466858878917
0.17999999999983113, 1.1256823643256697
0.18999999999983114, 1.1570776529458562
0.19999999999983115, 1.1896852199211962
0.20999999999983116, 1.2235624782533285
0.21999999999983116, 1.258771637843794
0.22999999999983117, 1.295379843402518
0.23999999999983118, 1.333459384339744
0.2499999999998312, 1.3730879682345027
0.2599999999998312, 1.4143490532699337
0.2699999999998312, 1.4573322377835918
0.2799999999998312, 1.5021337071827234
0.2899999999998312, 1.5488567401681117
0.29999999999983123, 1.5976122776605963
0.30999999999983124, 1.6485195591462436
0.31999999999983125, 1.7017068324325528
0.32999999999983126, 1.7573121441031683
0.33999999999983127, 1.8154842193255771
0.3499999999998313, 1.8763834411529332
0.3599999999998313, 1.9401829411132967
0.3699999999998313, 2.007069814744972
0.3799999999998313, 2.07724647786664
0.3899999999998313, 2.150932181823537
0.3999999999998313, 2.228364708793416
0.40999999999983133, 2.3098022715468907
0.41999999999983134, 2.3955256459302188
0.42999999999983135, 2.4858405688871277
0.43999999999983136, 2.581080440196566
0.44999999999983137, 2.6816093724407457
0.4599999999998314, 2.7878256412353193
0.4699999999998314, 2.9001655966994004
0.4799999999998314, 3.019108107823539
0.4899999999998314, 3.1451796241872914
0.4999999999998314, 3.278959954855397
0.5099999999998314, 3.4210888828289505
0.5199999999998314, 3.572273755880357
0.5299999999998314, 3.7332982218828574
0.5399999999998314, 3.9050323100244317
0.5499999999998314, 4.088444100055669
0.5599999999998314, 4.284613271853368
0.5699999999998314, 4.494746889512872
0.5799999999998314, 4.7201978510400915
0.5899999999998314, 4.962486530553783
0.5999999999998314, 5.223326260015871
0.6099999999998315, 5.50465344881657
0.6199999999998315, 5.808663331203616
0.6299999999998315, 6.137852575721639
0.6399999999998315, 6.495070303788856
0.6499999999998315, 6.883579468210247
0.6599999999998315, 7.307131066589525
0.6699999999998315, 7.770054350024676
0.6799999999998315, 8.277367090448289
0.6899999999998315, 8.834911168932805
0.6999999999998315, 9.44952035253598
0.7099999999998315, 10.129229295540565
0.7199999999998316, 10.883535757309902
0.7299999999998316, 11.72373210032834
0.7399999999998316, 12.663327798894269
0.7499999999998316, 13.718592667078546
0.7599999999998316, 14.909261884666778
0.7699999999998316, 16.259460318175655
0.7799999999998316, 17.798927680039792
0.7899999999998316, 19.564661829382445
0.7999999999998316, 21.60315158924352
0.8099999999998316, 23.973453704529284
0.8199999999998316, 26.751499292919526
0.8299999999998317, 30.036224922088778
0.8399999999998317, 33.958468226294016
0.8499999999998317, 38.69414983921449
0.8599999999998317, 44.4842748384681
0.8699999999998317, 51.66610427297752
0.8799999999998317, 60.723237771999656
0.8899999999998317, 72.36895004573299
0.8999999999998317, 87.69062980233251
0.9099999999998317, 108.41243822154489
0.9199999999998317, 137.40121343378829
0.9299999999998317, 179.7117266103555
0.9399999999998317, 244.94442878955368
0.9499999999998318, 353.2021296738703
0.9599999999998318, 552.6273176156212
0.9699999999998318, 983.7724439857978
0.9799999999998318, 2216.44975042947
0.9899999999998318, 8877.579096094336
0.9999999999998318, 3.146263005475258E25
1.0099999999998317, 8900.942436982063
1.0199999999998317, 2228.1318940029623
1.0299999999998317, 991.5610657392614
1.0399999999998317, 558.4693364759864
1.0499999999998317, 357.87631335144846
1.0599999999998317, 248.84016129579572
1.0699999999998318, 183.0515132598165
1.0799999999998318, 140.32412021942517
1.0899999999998318, 111.01117598151451
1.0999999999998318, 90.03009630346824
1.1099999999998318, 74.49634384738036
1.1199999999998318, 62.67395798004184
1.1299999999998318, 53.46738115783186
1.1399999999998318, 46.157503803931206
1.1499999999998318, 40.25644740182954
1.1599999999998318, 35.423741751304505
1.1699999999998318, 31.415927731309445
1.1799999999998319, 28.05517602056104
1.1899999999998319, 25.209142138472657
1.1999999999998319, 22.77768405213566
1.2099999999998319, 20.683894802467915
1.2199999999998319, 18.867919239896654
1.229999999999832, 17.28260900038636
1.239999999999832, 15.890416617693317
1.249999999999832, 14.66114071949749
1.259999999999832, 13.570265813833574
1.269999999999832, 12.597723975508215
1.279999999999832, 11.7269601894874
1.289999999999832, 10.944219127757641
1.299999999999832, 10.237995363609176
1.309999999999832, 9.598605574426166
1.319999999999832, 9.017852746723186
1.329999999999832, 8.48876044262047
1.339999999999832, 8.005360903341035
1.349999999999832, 7.562524873424954
1.359999999999832, 7.155824013297185
1.369999999999832, 6.78141895697084
1.379999999999832, 6.435967692847517
1.389999999999832, 6.116550156784225
1.399999999999832, 5.82060583906655
1.409999999999832, 5.545881899759452
1.419999999999832, 5.290389816891382
1.429999999999832, 5.052369000202695
1.439999999999832, 4.830256119811607
1.449999999999832, 4.622659146256378
1.459999999999832, 4.428335292390919
1.469999999999832, 4.246172200823972
1.4799999999998321, 4.075171842246603
1.4899999999998321, 3.9144366870945553
1.4999999999998321, 3.7631577908853413
1.5099999999998321, 3.6206044963526978
1.5199999999998322, 3.4861155063374003
1.5299999999998322, 3.359091122736907
1.5399999999998322, 3.2389864805811936
1.5499999999998322, 3.125305633989524
1.5599999999998322, 3.0175963735544817
1.5699999999998322, 2.915445673531552
1.5799999999998322, 2.818475682828409
1.5899999999998322, 2.726340186782226
1.5999999999998322, 2.6387214775616648
1.6099999999998322, 2.555327580116515
1.6199999999998322, 2.475889788231861
1.6299999999998322, 2.4001604716766654
1.6399999999998323, 2.3279111208731726
1.6499999999998323, 2.258930600121187
1.6599999999998323, 2.19302358432645
1.6699999999998323, 2.1300091575183804
1.6799999999998323, 2.0697195542917877
1.6899999999998323, 2.011999027747037
1.6999999999998323, 1.9567028295973914
1.7099999999998323, 1.90369628991376
1.7199999999998323, 1.8528539855304718
1.7299999999998323, 1.804058987477983
1.7399999999998323, 1.7572021789706962
1.7499999999998324, 1.7121816364865827
1.7599999999998324, 1.6689020673521038
1.7699999999998324, 1.6272742980098183
1.7799999999998324, 1.5872148078126553
1.7899999999998324, 1.5486453037716685
1.7999999999998324, 1.5114923321947378
1.8099999999998324, 1.4756869236015606
1.8199999999998324, 1.4411642676941057
1.8299999999998324, 1.407863415508312
1.8399999999998324, 1.3757270061784863
1.8499999999998324, 1.3447010160158321
1.8599999999998325, 1.314734527841353
1.8699999999998325, 1.2857795187248642
1.8799999999998325, 1.2577906644695718
1.8899999999998325, 1.2307251593483566
1.8999999999998325, 1.2045425497462394
1.9099999999998325, 1.1792045804956646
1.9199999999998325, 1.1546750528090657
1.9299999999998325, 1.1309196928184808
1.9399999999998325, 1.1079060298261456
1.9499999999998325, 1.0856032834542928
1.9599999999998325, 1.0639822589579386
1.9699999999998326, 1.0430152500323617
1.9799999999998326, 1.0226759485078196
1.9899999999998326, 1.0029393603790355
1.9999999999998326, 0.9837817276662532
2.0099999999998324, 0.965180455649282
2.019999999999832, 0.947114045056111
2.029999999999832, 0.9295620288240068
2.0399999999998317, 0.9125049130838414
2.0499999999998315, 0.8959241220481454
2.0599999999998313, 0.8798019465103484
2.069999999999831, 0.8641214956870773
2.079999999999831, 0.8488666521576296
2.0899999999998307, 0.8340220296748624
2.0999999999998304, 0.8195729336401348
2.1099999999998302, 0.8055053240516108
2.11999999999983, 0.79180578075049
2.12999999999983, 0.7784614708035766
2.1399999999998296, 0.7654601178733206
2.1499999999998294, 0.7527899734379988
2.159999999999829, 0.740439789735325
2.169999999999829, 0.7283987943124371
2.1799999999998287, 0.716656666074109
2.1899999999998285, 0.7052035127291377
2.1999999999998283, 0.6940298495423297
2.209999999999828, 0.6831265793063513
2.219999999999828, 0.6724849734539841
2.2299999999998277, 0.6620966542371214
2.2399999999998275, 0.6519535779041404
2.2499999999998272, 0.6420480188121809
2.259999999999827, 0.6323725544153753
2.269999999999827, 0.6229200510742167
2.2799999999998266, 0.6136836506350889
2.2899999999998264, 0.6046567577325118
2.299999999999826, 0.595833027769928
2.309999999999826, 0.5872063555378656
2.3199999999998258, 0.578770864431107
2.3299999999998255, 0.5705208962290712
2.3399999999998253, 0.562451001406009
2.349999999999825, 0.5545559299398231
2.359999999999825, 0.5468306225903737
2.3699999999998247, 0.5392702026200402
2.3799999999998245, 0.5318699679310689
2.3899999999998243, 0.5246253835958741
2.399999999999824, 0.5175320747579896
2.409999999999824, 0.5105858198827837
2.4199999999998236, 0.503782544338351
2.4299999999998234, 0.49711831428824516
2.439999999999823, 0.49058933087883055
2.449999999999823, 0.484191924705113
2.4599999999998228, 0.4779225505398879
2.4699999999998226, 0.47177778231196765
2.4799999999998223, 0.46575430832011977
2.489999999999822, 0.4598489266701352
2.499999999999822, 0.45405854092320946
2.5099999999998217, 0.44838015594451863
2.5199999999998215, 0.44281087394151086
2.5299999999998213, 0.4373478906820745
2.539999999999821, 0.4319884918832863
2.549999999999821, 0.4267300497620016
2.5599999999998206, 0.42157001973904007
2.5699999999998204, 0.41650593728918833
2.57999999999982, 0.41153541492969103
2.58999999999982, 0.40665613934030187
2.59999999999982, 0.4018658686083643
2.6099999999998196, 0.39716242959274956
2.6199999999998194, 0.39254371540081673
2.629999999999819, 0.3880076829728944
2.639999999999819, 0.38355235076905925
2.6499999999998187, 0.3791757965532983
2.6599999999998185, 0.3748761552703833
2.6699999999998183, 0.37065161701104976
2.679999999999818, 0.36650042506130137
2.689999999999818, 0.3624208740318847
2.6999999999998177, 0.3584113080641866
2.7099999999998174, 0.35447011910900117
2.7199999999998172, 0.35059574527480336
2.729999999999817, 0.3467866692423284
2.739999999999817, 0.3430414167424392
2.7499999999998166, 0.33935855509439866
2.7599999999998164, 0.33573669180182464
2.769999999999816, 0.3321744732037348
2.779999999999816, 0.32867058317822667
2.7899999999998157, 0.3252237418964457
2.7999999999998155, 0.3218327046246379
2.8099999999998153, 0.31849626057215646
2.819999999999815, 0.3152132317834321
2.829999999999815, 0.31198247207198915
2.8399999999998147, 0.3088028659946938
2.8499999999998145, 0.3056733278645056
2.8599999999998142, 0.30259280080009116
2.869999999999814, 0.2995602558107268
2.879999999999814, 0.29657469091500444
2.8899999999998136, 0.2936351302919166
2.8999999999998134, 0.2907406234629676
2.909999999999813, 0.28789024450401873
2.919999999999813, 0.28508309128563786
2.9299999999998128, 0.2823182847407806
2.9399999999998125, 0.27959496815868223
2.9499999999998123, 0.2769123065038917
2.959999999999812, 0.2742694857594309
2.969999999999812, 0.27166571229310466
2.9799999999998117, 0.26910021224603087
2.9899999999998115, 0.2665722309425079
2.9999999999998113, 0.2640810323203656
3.009999999999811, 0.2616258983809958
3.019999999999811, 0.25920612865828513
3.0299999999998106, 0.2568210397057102
3.0399999999998104, 0.25446996460088994
3.04999999999981, 0.25215225246691536
3.05999999999981, 0.24986726800981368
3.0699999999998098, 0.2476143910715223
3.0799999999998096, 0.24539301619778556
3.0899999999998093, 0.24320255222040343
3.099999999999809, 0.24104242185328995
3.109999999999809, 0.23891206130182327
3.1199999999998087, 0.23681091988498487
3.1299999999998085, 0.2347384596698166
3.1399999999998083, 0.2326941551177333
3.149999999999808, 0.2306774927422557
3.159999999999808, 0.22868797077774294
3.1699999999998076, 0.22672509885872122
3.1799999999998074, 0.2247883977094234
3.189999999999807, 0.22287739884316898
3.199999999999807, 0.2209916442712285
3.209999999999807, 0.21913068622083196
3.2199999999998066, 0.21729408686199403
3.2299999999998064, 0.21548141804284196
3.239999999999806, 0.21369226103314423
3.249999999999806, 0.21192620627575073
3.2599999999998057, 0.21018285314566662
3.2699999999998055, 0.20846180971649234
3.2799999999998053, 0.2067626925339729
3.289999999999805, 0.20508512639641133
3.299999999999805, 0.20342874414170614
3.3099999999998047, 0.20179318644078992
3.3199999999998044, 0.20017810159724217
3.3299999999998042, 0.1985831453528765
3.339999999999804, 0.19700798069908948
3.349999999999804, 0.19545227769378107
3.3599999999998036, 0.19391571328365986
3.3699999999998034, 0.19239797113175
3.379999999999803, 0.19089874144992777
3.389999999999803, 0.18941772083632144
3.3999999999998027, 0.18795461211741016
3.4099999999998025, 0.18650912419467164
3.4199999999998023, 0.18508097189562484
3.429999999999802, 0.18366987582912847
3.439999999999802, 0.18227556224479174
3.4499999999998017, 0.18089776289636847
3.4599999999998015, 0.1795362149090047
3.4699999999998012, 0.1781906606502126
3.479999999999801, 0.1768608476044578
3.489999999999801, 0.17554652825123856
3.4999999999998006, 0.17424745994654936
3.5099999999998004, 0.17296340480762168
3.5199999999998, 0.1716941296008358
3.5299999999998, 0.17043940563271018
3.5399999999997998, 0.16919900864386436
3.5499999999997995, 0.16797271870586813
3.5599999999997993, 0.16676032012088723
3.569999999999799, 0.1655616013240357
3.579999999999799, 0.16437635478835666
3.5899999999997987, 0.16320437693234438
3.5999999999997985, 0.16204546802993752
3.6099999999997983, 0.16089943212290253
3.619999999999798, 0.15976607693553632
3.629999999999798, 0.15864521379162005
3.6399999999997976, 0.1575366575335546
3.6499999999997974, 0.1564402264436125
3.659999999999797, 0.1553557421672421
3.669999999999797, 0.15428302963836737
3.6799999999997968, 0.15322191700661722
3.6899999999997966, 0.15217223556643394
3.6999999999997963, 0.15113381968800155
3.709999999999796, 0.15010650674994214
3.719999999999796, 0.1490901370737281
3.7299999999997957, 0.14808455385976146
3.7399999999997955, 0.14708960312506975
3.7499999999997953, 0.14610513364257524
3.759999999999795, 0.14513099688188782
3.769999999999795, 0.1441670469515817
3.7799999999997946, 0.1432131405429117
3.7899999999997944, 0.1422691368749293
3.799999999999794, 0.1413348976409558
3.809999999999794, 0.1404102869563796
3.819999999999794, 0.13949517130773448
3.8299999999997936, 0.1385894195030271
3.8399999999997934, 0.13769290262327638
3.849999999999793, 0.13680549397523362
3.859999999999793, 0.13592706904524654
3.8699999999997927, 0.13505750545424033
3.8799999999997925, 0.13419668291378056
3.8899999999997923, 0.1333444831831923
3.899999999999792, 0.13250079002770243
3.909999999999792, 0.13166548917758056
3.9199999999997917, 0.13083846828825021
3.9299999999997914, 0.13001961690134345
3.9399999999997912, 0.12920882640667336
3.949999999999791, 0.12840599000510122
3.959999999999791, 0.12761100267227413
3.9699999999997906, 0.12682376112320656
3.9799999999997904, 0.12604416377768865
3.98999999999979, 0.12527211072649444
3.99999999999979, 0.12450750369837242
4.00999999999979, 0.12375024602779633
4.01999999999979, 0.1230002426234543
4.02999999999979, 0.12225739993746186
4.0399999999997895, 0.12152162593527478
4.049999999999789, 0.12079283006628617
4.059999999999789, 0.12007092323509062
4.069999999999789, 0.11935581777339595
4.079999999999789, 0.1186474274125679
4.0899999999997885, 0.11794566725679043
4.099999999999788, 0.11725045375682606
4.109999999999788, 0.11656170468436142
4.119999999999788, 0.11587933910692168
4.129999999999788, 0.11520327736334254
4.139999999999787, 0.11453344103978105
4.149999999999787, 0.11386975294625637
4.159999999999787, 0.11321213709370427
4.169999999999787, 0.11256051867153265
4.1799999999997866, 0.11191482402566746
4.189999999999786, 0.11127498063707496
4.199999999999786, 0.11064091710074901
4.209999999999786, 0.11001256310515209
4.219999999999786, 0.10938984941209927
4.2299999999997855, 0.10877270783707299
4.239999999999785, 0.10816107122995973
4.249999999999785, 0.10755487345619671
4.259999999999785, 0.10695404937831954
4.269999999999785, 0.10635853483790143
4.279999999999784, 0.10576826663787325
4.289999999999784, 0.1051831825252163
4.299999999999784, 0.10460322117401848
4.309999999999784, 0.10402832216888531
4.319999999999784, 0.1034584259886969
4.329999999999783, 0.10289347399070274
4.339999999999783, 0.10233340839494726
4.349999999999783, 0.1017781722690167
4.359999999999783, 0.10122770951310091
4.3699999999997825, 0.10068196484536208
4.379999999999782, 0.10014088378760341
4.389999999999782, 0.09960441265123093
4.399999999999782, 0.0990724985235012
4.409999999999782, 0.0985450892540483
4.419999999999781, 0.09802213344168396
4.429999999999781, 0.0975035804214642
4.439999999999781, 0.09698938025201641
4.449999999999781, 0.0964794837031211
4.459999999999781, 0.09597384224354176
4.46999999999978, 0.09547240802909862
4.47999999999978, 0.09497513389097888
4.48999999999978, 0.09448197332427942
4.49999999999978, 0.09399288047677631
4.5099999999997795, 0.09350781013791569
4.519999999999779, 0.09302671772802168
4.529999999999779, 0.09254955928771579
4.539999999999779, 0.09207629146754327
4.549999999999779, 0.0916068715178023
4.5599999999997785, 0.0911412572785704
4.569999999999778, 0.09067940716992522
4.579999999999778, 0.0902212801823536
4.589999999999778, 0.08976683586734657
4.599999999999778, 0.08931603432817445
4.609999999999777, 0.0888688362108395
4.619999999999777, 0.08842520269520172
4.629999999999777, 0.08798509548627327
4.639999999999777, 0.08754847680567954
4.6499999999997765, 0.08711530938328137
4.659999999999776, 0.08668555644895622
4.669999999999776, 0.08625918172453445
4.679999999999776, 0.08583614941588716
4.689999999999776, 0.08541642420516272
4.6999999999997755, 0.08499997124316816
4.709999999999775, 0.08458675614189372
4.719999999999775, 0.08417674496717535
4.729999999999775, 0.0837699042314946
4.739999999999775, 0.08336620088691048
4.749999999999774, 0.08296560231812361
4.759999999999774, 0.08256807633566617
4.769999999999774, 0.08217359116921848
4.779999999999774, 0.08178211546104712
4.7899999999997736, 0.08139361825956337
4.799999999999773, 0.08100806901299866
4.809999999999773, 0.08062543756319539
4.819999999999773, 0.08024569413950992
4.829999999999773, 0.07986880935282595
4.8399999999997725, 0.07949475418967583
4.849999999999772, 0.07912350000646762
4.859999999999772, 0.07875501852381557
4.869999999999772, 0.07838928182097234
4.879999999999772, 0.07802626233035988
4.889999999999771, 0.07766593283219857
4.899999999999771, 0.07730826644923103
4.909999999999771, 0.07695323664153961
4.919999999999771, 0.07660081720145535
4.929999999999771, 0.07625098224855664
4.93999999999977, 0.07590370622475555
4.94999999999977, 0.07555896388947077
4.95999999999977, 0.07521673031488456
4.96999999999977, 0.07487698088128214
4.9799999999997695, 0.074539691272473
4.989999999999769, 0.07420483747129078
4.999999999999769, 0.07387239575517125
5.009999999999769, 0.07354234269180715
5.019999999999769, 0.07321465513487715
5.029999999999768, 0.07288931021984833
5.039999999999768, 0.07256628535985116
5.049999999999768, 0.07224555824162397
5.059999999999768, 0.07192710682152754
5.069999999999768, 0.07161090932162674
5.079999999999767, 0.07129694422583913
5.089999999999767, 0.07098519027614832
5.099999999999767, 0.07067562646888181
5.109999999999767, 0.07036823205105085
5.1199999999997665, 0.07006298651675207
5.129999999999766, 0.06975986960362984
5.139999999999766, 0.06945886128939699
5.149999999999766, 0.06915994178841403
5.159999999999766, 0.06886309154832526
5.1699999999997654, 0.06856829124675051
5.179999999999765, 0.0682755217880318
5.189999999999765, 0.06798476430003393
5.199999999999765, 0.06769600013099714
5.209999999999765, 0.06740921084644215
5.219999999999764, 0.06712437822612578
5.229999999999764, 0.06684148426104607
5.239999999999764, 0.06656051115049695
5.249999999999764, 0.06628144129916988
5.2599999999997635, 0.06600425731430361
5.269999999999763, 0.06572894200287928
5.279999999999763, 0.0654554783688614
5.289999999999763, 0.06518384961048336
5.299999999999763, 0.06491403911757583
5.3099999999997625, 0.06464603046893931
5.319999999999762, 0.06437980742975763
5.329999999999762, 0.06411535394905331
5.339999999999762, 0.06385265415718369
5.349999999999762, 0.06359169236337622
5.359999999999761, 0.06333245305330353
5.369999999999761, 0.0630749208866964
5.379999999999761, 0.06281908069499494
5.389999999999761, 0.06256491747903613
5.3999999999997605, 0.062312416406778266
5.40999999999976, 0.062061562811061066
5.41999999999976, 0.061812342187400345
5.42999999999976, 0.06156474019181778
5.43999999999976, 0.06131874263870393
5.4499999999997595, 0.06107433549871491
5.459999999999759, 0.06083150489670144
5.469999999999759, 0.0605902371096699
5.479999999999759, 0.06035051856477535
5.489999999999759, 0.06011233583734444
5.499999999999758, 0.05987567564893013
5.509999999999758, 0.059640524865394784
5.519999999999758, 0.05940687049502386
5.529999999999758, 0.059174699686667505
5.539999999999758, 0.05894399972791074
5.549999999999757, 0.058714758043272065
5.559999999999757, 0.058486962192428035
5.569999999999757, 0.058260599868466136
5.579999999999757, 0.05803565889616328
5.5899999999997565, 0.05781212723029026
5.599999999999756, 0.05758999295394184
5.609999999999756, 0.057369244276892106
5.619999999999756, 0.05714986953397389
5.629999999999756, 0.056931857183482974
5.639999999999755, 0.056715195805605786
5.649999999999755, 0.056499874100870436
5.659999999999755, 0.05628588088862089
5.669999999999755, 0.05607320510551385
5.679999999999755, 0.0558618358040372
5.689999999999754, 0.05565176215105134
5.699999999999754, 0.05544297342635108
5.709999999999754, 0.05523545902124914
5.719999999999754, 0.05502920843718005
5.7299999999997535, 0.054824211284325075
5.739999999999753, 0.054620457280256184
5.749999999999753, 0.05441793624860092
5.759999999999753, 0.05421663811772579
5.769999999999753, 0.05401655291943925
5.7799999999997524, 0.053817670787713004
5.789999999999752, 0.05361998195742242
5.799999999999752, 0.05342347676310428
5.809999999999752, 0.05322814563773309
5.819999999999752, 0.05303397911151452
5.829999999999751, 0.052840967810696256
5.839999999999751, 0.052649102456395924
5.849999999999751, 0.05245837386344553
5.859999999999751, 0.05226877293925254
5.8699999999997505, 0.052080290682676895
5.87999999999975, 0.05189291818292429
5.88999999999975, 0.05170664661845472
5.89999999999975, 0.051521467255906506
5.90999999999975, 0.051337371449035885
5.9199999999997495, 0.051154350637670924
5.929999999999749, 0.05097239634668031
5.939999999999749, 0.05079150018495679
5.949999999999749, 0.05061165384441449
5.959999999999749, 0.05043284909900054
5.969999999999748, 0.05025507780372004
5.979999999999748, 0.05007833189367492
5.989999999999748, 0.049902603383115814
5.999999999999748, 0.04972788436450761
6.0099999999997475, 0.049554167007606884
6.019999999999747, 0.049381443558553194
6.029999999999747, 0.049209706338972
6.039999999999747, 0.04903894774509023
6.049999999999747, 0.04886916024686407
6.0599999999997465, 0.04870033638711836
6.069999999999746, 0.048532468780697974
6.079999999999746, 0.04836555011363061
6.089999999999746, 0.04819957314230106
6.099999999999746, 0.048034530692636516
6.109999999999745, 0.047870415659303035
6.119999999999745, 0.047707221004912835
6.129999999999745, 0.0475449397592422
6.139999999999745, 0.04738356501845988
6.149999999999745, 0.04722308994436608
6.159999999999744, 0.04706350776364135
6.169999999999744, 0.046904811767105564
6.179999999999744, 0.04674699530898701
6.189999999999744, 0.046590051806201044
6.1999999999997435, 0.04643397473763823
6.209999999999743, 0.04627875764346216
6.219999999999743, 0.046124394124416386
6.229999999999743, 0.04597087784114058
6.239999999999743, 0.04581820251349584
6.249999999999742, 0.04566636191989853
6.259999999999742, 0.0455153498966632
6.269999999999742, 0.045365160337354056
6.279999999999742, 0.04521578719214484
6.289999999999742, 0.045067224467187035
6.299999999999741, 0.04491946622398645
6.309999999999741, 0.04477250657878792
6.319999999999741, 0.044626339701967735
6.329999999999741, 0.04448095981743424
6.3399999999997405, 0.04433636120203623
6.34999999999974, 0.04419253818497851
6.35999999999974, 0.044049485147245646
6.36999999999974, 0.04390719652103265
6.37999999999974, 0.04376566678918312
6.389999999999739, 0.04362489048463469
6.399999999999739, 0.04348486218987137
6.409999999999739, 0.043345576536383185
6.419999999999739, 0.043207028204132275
6.429999999999739, 0.04306921192102615
6.439999999999738, 0.042932122462397464
6.449999999999738, 0.04279575465049055
6.459999999999738, 0.04266010335395423
6.469999999999738, 0.04252516348734106
6.4799999999997375, 0.0423909300106131
6.489999999999737, 0.0422573979286538
6.499999999999737, 0.042124562290785754
6.509999999999737, 0.041992418190295
6.519999999999737, 0.04186096076396082
6.5299999999997365, 0.041730185191591634
6.539999999999736, 0.041600086695566786
6.549999999999736, 0.04147066054038365
6.559999999999736, 0.04134190203221078
6.569999999999736, 0.04121380651844643
6.579999999999735, 0.041086369387282475
6.589999999999735, 0.04095958606727375
6.599999999999735, 0.04083345202691284
6.609999999999735, 0.040707962774209905
6.6199999999997345, 0.040583113856277934
6.629999999999734, 0.04045890085892267
6.639999999999734, 0.040335319406237906
6.649999999999734, 0.04021236516020585
6.659999999999734, 0.04009003382030176
6.6699999999997335, 0.039968321123104146
6.679999999999733, 0.03984722284190908
6.689999999999733, 0.039726734786349596
6.699999999999733, 0.039606852802019546
6.709999999999733, 0.03948757277010203
6.719999999999732, 0.03936889060700226
6.729999999999732, 0.03925080226398492
6.739999999999732, 0.03913330372681591
6.749999999999732, 0.039016391015408304
6.759999999999732, 0.03890006018347252
6.769999999999731, 0.038784307318171084
6.779999999999731, 0.03866912853977667
6.789999999999731, 0.03855452000133522
6.799999999999731, 0.038440477888332276
6.8099999999997305, 0.03832699841836388
6.81999999999973, 0.03821407784081073
6.82999999999973, 0.03810171243651702
6.83999999999973, 0.0379898985174721
6.84999999999973, 0.03787863242649702
6.859999999999729, 0.0377679105369336
6.869999999999729, 0.03765772925233799
6.879999999999729, 0.03754808500617762
6.889999999999729, 0.03743897426153158
6.899999999999729, 0.0373303935107944
6.909999999999728, 0.037222339275383785
6.919999999999728, 0.03711480810545114
6.929999999999728, 0.037007796579596006
6.939999999999728, 0.03690130130458329
6.9499999999997275, 0.036795318915064504
6.959999999999727, 0.03668984607330121
6.969999999999727, 0.036584879468892766
6.979999999999727, 0.03648041581850632
6.989999999999727, 0.036376451865610615
6.999999999999726, 0.036272984380212196
7.009999999999726, 0.036170010158595306
7.019999999999726, 0.03606752602306414
7.029999999999726, 0.03596552882168858
7.039999999999726, 0.035864015428052586
7.049999999999725, 0.03576298274100529
7.059999999999725, 0.0356624276844154
7.069999999999725, 0.035562347206927934
7.079999999999725, 0.035462738281723874
7.0899999999997245, 0.03536359790628275
7.099999999999724, 0.035264923102147565
7.109999999999724, 0.03516671091469258
7.119999999999724, 0.03506895841289374
7.129999999999724, 0.03497166268910155
7.1399999999997235, 0.03487482085881666
7.149999999999723, 0.034778430060467866
7.159999999999723, 0.03468248745519253
7.169999999999723, 0.034586990226619686
7.179999999999723, 0.03449193558065543
7.189999999999722, 0.03439732074527059
7.199999999999722, 0.03430314297029089
7.209999999999722, 0.03420939952718969
7.219999999999722, 0.03411608770888238
7.2299999999997215, 0.03402320482952372
7.239999999999721, 0.03393074822430708
7.249999999999721, 0.03383871524926588
7.259999999999721, 0.033747103281077474
7.269999999999721, 0.03365590971686881
7.2799999999997205, 0.033565131974024616
7.28999999999972, 0.033474767489997434
7.29999999999972, 0.033384813722119794
7.30999999999972, 0.03329526814741853
7.31999999999972, 0.033206128262431
7.329999999999719, 0.033117391583023445
7.339999999999719, 0.03302905564421114
7.349999999999719, 0.03294111799998064
7.359999999999719, 0.032853576223114
7.3699999999997186, 0.03276642790501481
7.379999999999718, 0.032679670655535946
7.389999999999718, 0.03259330210280963
7.399999999999718, 0.032507319893078916
7.409999999999718, 0.03242172169053106
7.4199999999997175, 0.03233650517713289
7.429999999999717, 0.03225166805246776
7.439999999999717, 0.03216720803357413
7.449999999999717, 0.03208312285478644
7.459999999999717, 0.031999410267576786
7.469999999999716, 0.03191606804039919
7.479999999999716, 0.031833093958534744
7.489999999999716, 0.03175048582393929
7.499999999999716, 0.0316682414550916
7.509999999999716, 0.03158635868684427
7.519999999999715, 0.03150483537027534
7.529999999999715, 0.03142366937254209
7.539999999999715, 0.031342858576735945
7.549999999999715, 0.03126240088173922
7.5599999999997145, 0.031182294202083106
7.569999999999714, 0.03110253646780739
7.579999999999714, 0.031023125624321454
7.589999999999714, 0.0309440596322669
7.599999999999714, 0.0308653364673815
7.609999999999713, 0.03078695412036445
7.619999999999713, 0.030708910596743393
7.629999999999713, 0.030631203916742452
7.639999999999713, 0.03055383211515181
7.649999999999713, 0.030476793241198667
7.659999999999712, 0.03040008535841943
7.669999999999712, 0.03032370654453329
7.679999999999712, 0.03024765489131713
7.689999999999712, 0.03017192850448161
7.6999999999997115, 0.030096525503548747
7.709999999999711, 0.030021444021730438
7.719999999999711, 0.02994668220580851
7.729999999999711, 0.02987223821601588
7.739999999999711, 0.02979811022591902
7.7499999999997105, 0.02972429642230128
7.75999999999971, 0.0296507950050481
7.76999999999971, 0.029577604187032615
7.77999999999971, 0.029504722194002832
7.78999999999971, 0.029432147264470052
7.799999999999709, 0.02935987764959812
7.809999999999709, 0.029287911613093943
7.819999999999709, 0.029216247431099247
7.829999999999709, 0.029144883392083244
7.8399999999997085, 0.029073817796736248
7.849999999999708, 0.029003048957864805
7.859999999999708, 0.02893257520028756
7.869999999999708, 0.028862394860732127
7.879999999999708, 0.028792506287733183
7.8899999999997075, 0.02872290784153146
7.899999999999707, 0.028653597893973808
7.909999999999707, 0.028584574828414297
7.919999999999707, 0.028515837039616073
7.929999999999707, 0.02844738293365453
7.939999999999706, 0.028379210927821065
7.949999999999706, 0.028311319450528376
7.959999999999706, 0.02824370694121581
7.969999999999706, 0.02817637185025658
7.9799999999997056, 0.028109312638865236
7.989999999999705, 0.028042527779006402
7.999999999999705, 0.02797601575330422
8.009999999999705, 0.02790977505495286
8.019999999999705, 0.027843804187627733
8.029999999999704, 0.02777810166539768
8.039999999999704, 0.027712666012638033
8.049999999999704, 0.02764749576394438
8.059999999999704, 0.027582589464047423
8.069999999999704, 0.02751794566772851
8.079999999999703, 0.027453562939735818
8.089999999999703, 0.02738943985470183
8.099999999999703, 0.027325574997061095
8.109999999999703, 0.027261966960969136
8.119999999999703, 0.027198614350221997
8.129999999999702, 0.02713551577817651
8.139999999999702, 0.02707266986767159
8.149999999999702, 0.027010075250949925
8.159999999999702, 0.026947730569580722
8.169999999999702, 0.0268856344743832
8.179999999999701, 0.02682378562535033
8.189999999999701, 0.0267621826915741
8.1999999999997, 0.026700824351170827
8.2099999999997, 0.02663970929120746
8.2199999999997, 0.026578836207628673
8.2299999999997, 0.026518203805184423
8.2399999999997, 0.026457810797358376
8.2499999999997, 0.026397655906296908
8.2599999999997, 0.026337737862738842
8.2699999999997, 0.02627805540594591
8.2799999999997, 0.026218607283633618
8.289999999999699, 0.02615939225190316
8.299999999999699, 0.02610040907517356
8.309999999999699, 0.026041656526114877
8.319999999999698, 0.025983133385581576
8.329999999999698, 0.025924838442547008
8.339999999999698, 0.02586677049403796
8.349999999999698, 0.025808928345070533
8.359999999999697, 0.025751310808585733
8.369999999999697, 0.025693916705386607
8.379999999999697, 0.025636744864075203
8.389999999999697, 0.0255797941209905
8.399999999999697, 0.025523063320146866
8.409999999999696, 0.025466551313172978
8.419999999999696, 0.02541025695925153
8.429999999999696, 0.02535417912505918
8.439999999999696, 0.02529831668470735
8.449999999999696, 0.0252426685196835
8.459999999999695, 0.02518723351879272
8.469999999999695, 0.025132010578100245
8.479999999999695, 0.025076998600874218
8.489999999999695, 0.025022196497528924
8.499999999999694, 0.024967603185568978
8.509999999999694, 0.024913217589533472
8.519999999999694, 0.024859038640940946
8.529999999999694, 0.02480506527823492
8.539999999999694, 0.024751296446729708
8.549999999999693, 0.024697731098556795
8.559999999999693, 0.024644368192611944
8.569999999999693, 0.024591206694502314
8.579999999999693, 0.02453824557649446
8.589999999999693, 0.024485483817462732
8.599999999999692, 0.024432920402837986
8.609999999999692, 0.024380554324556804
8.619999999999692, 0.02432838458101141
8.629999999999692, 0.02427641017699968
8.639999999999691, 0.024224630123675837
8.649999999999691, 0.024173043438501515
8.659999999999691, 0.02412164914519735
8.66999999999969, 0.0240704462736948
8.67999999999969, 0.02401943386008866
8.68999999999969, 0.023968610946589832
8.69999999999969, 0.023917976581478477
8.70999999999969, 0.023867529819057796
8.71999999999969, 0.023817269719608028
8.72999999999969, 0.023767195349340943
8.73999999999969, 0.02371730578035471
8.74999999999969, 0.02366760009058919
8.759999999999689, 0.023618077363781624
8.769999999999689, 0.02356873668942268
8.779999999999688, 0.023519577162713023
8.789999999999688, 0.023470597884519936
8.799999999999688, 0.023421797961334787
8.809999999999688, 0.023373176505230513
8.819999999999688, 0.02332473263381965
8.829999999999687, 0.023276465470212653
8.839999999999687, 0.023228374142976616
8.849999999999687, 0.023180457786094358
8.859999999999687, 0.023132715538923813
8.869999999999687, 0.023085146546158005
8.879999999999686, 0.02303774995778495
8.889999999999686, 0.022990524929048295
8.899999999999686, 0.02294347062040813
8.909999999999686, 0.022896586197502167
8.919999999999686, 0.022849870831107233
8.929999999999685, 0.022803323697101165
8.939999999999685, 0.022756943976424974
8.949999999999685, 0.02271073085504532
8.959999999999685, 0.02266468352391739
8.969999999999684, 0.022618801178948118
8.979999999999684, 0.022573083020959485
8.989999999999684, 0.022527528255652456
8.999999999999684, 0.02248213609357108
9.009999999999684, 0.0224369057500668
9.019999999999683, 0.02239183644526329
9.029999999999683, 0.02234692740402138
9.039999999999683, 0.022302177855904475
9.049999999999683, 0.02225758703514399
9.059999999999683, 0.022213154180605515
9.069999999999682, 0.02216887853575481
9.079999999999682, 0.022124759348624384
9.089999999999682, 0.022080795871780343
9.099999999999682, 0.02203698736228922
9.109999999999681, 0.021993333081685548
9.119999999999681, 0.021949832295939373
9.129999999999681, 0.02190648427542418
9.13999999999968, 0.021863288294885
9.14999999999968, 0.02182024363340687
9.15999999999968, 0.021777349574383577
9.16999999999968, 0.02173460540548654
9.17999999999968, 0.02169201041863412
9.18999999999968, 0.021649563909961023
9.19999999999968, 0.021607265179788088
9.20999999999968, 0.021565113532592235
9.21999999999968, 0.021523108276976764
9.229999999999679, 0.021481248725641902
9.239999999999679, 0.021439534195355308
9.249999999999678, 0.021397964006923332
9.259999999999678, 0.021356537485162138
9.269999999999678, 0.021315253958869095
9.279999999999678, 0.02127411276079462
9.289999999999678, 0.021233113227613953
9.299999999999677, 0.021192254699899528
9.309999999999677, 0.021151536522093187
9.319999999999677, 0.021110958042478957
9.329999999999677, 0.021070518613155818
9.339999999999677, 0.021030217590010822
9.349999999999676, 0.020990054332692396
9.359999999999676, 0.02095002820458388
9.369999999999676, 0.020910138572777213
9.379999999999676, 0.020870384808046975
9.389999999999675, 0.02083076628482449
9.399999999999675, 0.020791282381172255
9.409999999999675, 0.020751932478758495
9.419999999999675, 0.020712715962831998
9.429999999999675, 0.020673632222197175
9.439999999999674, 0.020634680649189073
9.449999999999674, 0.020595860639649088
9.459999999999674, 0.020557171592900263
9.469999999999674, 0.020518612911723393
9.479999999999674, 0.020480184002332813
9.489999999999673, 0.02044188427435273
9.499999999999673, 0.02040371314079355
9.509999999999673, 0.020365670018028553
9.519999999999673, 0.02032775432577052
9.529999999999673, 0.020289965487048887
9.539999999999672, 0.02025230292818673
9.549999999999672, 0.02021476607877822
9.559999999999672, 0.020177354371666047
9.569999999999672, 0.020140067242919217
9.579999999999671, 0.020102904131810817
9.589999999999671, 0.020065864480796163
9.599999999999671, 0.020028947735491038
9.60999999999967, 0.019992153344649956
9.61999999999967, 0.01995548076014493
9.62999999999967, 0.01991892943694407
9.63999999999967, 0.0198824988330906
9.64999999999967, 0.01984618840968191
9.65999999999967, 0.019809997630848758
9.66999999999967, 0.019773925963734774
9.67999999999967, 0.01973797287847599
9.689999999999669, 0.019702137848180593
9.699999999999669, 0.019666420348908812
9.709999999999669, 0.01963081985965301
9.719999999999668, 0.019595335862317903
9.729999999999668, 0.0195599678417009
9.739999999999668, 0.019524715285472647
9.749999999999668, 0.019489577684157766
9.759999999999668, 0.019454554531115564
9.769999999999667, 0.01941964532252119
9.779999999999667, 0.019384849557346588
9.789999999999667, 0.019350166737341957
9.799999999999667, 0.019315596367017015
9.809999999999667, 0.0192811379536227
9.819999999999666, 0.019246791007132818
9.829999999999666, 0.019212555040225947
9.839999999999666, 0.019178429568267413
9.849999999999666, 0.019144414109291418
9.859999999999665, 0.019110508183983386
9.869999999999665, 0.0190767113156623
9.879999999999665, 0.01904302303026333
9.889999999999665, 0.01900944285632047
9.899999999999665, 0.01897597032494937
9.909999999999664, 0.01894260496983032
9.919999999999664, 0.01890934632719135
9.929999999999664, 0.018876193935791395
9.939999999999664, 0.018843147336903704
9.949999999999664, 0.018810206074299236
9.959999999999663, 0.018777369694230356
9.969999999999663, 0.018744637745414565
9.979999999999663, 0.01871200977901818
9.989999999999663, 0.018679485348640595
9.999999999999662, 0.018647064010298142
